$101.49,Men's Starter Black Golden State Warriors Scout Varsity Satin Full-Snap Jacket,Most Popular in Jackets
$84.99,Men's Nike Navy Golden State Warriors 2024/25 City Edition Authentic Coaches Performance Half-Zip Top,Most Popular in Sweatshirts
$83.99,Men's Mitchell & Ness Royal Golden State Warriors Hardwood Classics Throwback Wordmark Raglan Full-Snap Jacket,Most Popular in Men Jackets
$129.49,Men's Nike Black Golden State Warriors 2023/24 City Edition Courtside Premier Full-Snap Bomber Jacket,
$131.60,Men's Starter x Levi's Royal Golden State Warriors Silver Label Trucker Satin Full-Snap Jacket,Most Popular in Men Jackets
$74.99,Men's Nike Black Golden State Warriors 2024/25 Courtside Performance Half-Zip Top,Most Popular in Men Jackets
$88.89,Men's Antigua Black Golden State Warriors Sway Full-Zip Hoodie Jacket,
$154.99,Men's Nike Royal Golden State Warriors 2023/24 Authentic Showtime Full-Zip Hoodie,
$69.99,Unisex The Wild Collective Cream Golden State Warriors Applique Pullover Windbreaker,
$164.99,Men's Nike Navy Golden State Warriors 2024/25 City Edition Authentic Showtime Performance Full-Zip Jacket,
$101.49,Men's Starter Royal Golden State Warriors Scout Varsity Satin Full-Snap Jacket,Most Popular in Men Jackets
$59.49,Men's Antigua Black Golden State Warriors Metallic Logo Victory Raglan Full-Zip Hoodie,
$244.99,Men's G-III Sports by Carl Banks Royal Golden State Warriors Moneyball Wool & Leather Full-Snap Varsity Jacket,
$104.99,Men's Mitchell & Ness Royal Golden State Warriors Hardwood Classic Primetime Full-Snap Satin Jacket,
$55.99,Men's Antigua Black Golden State Warriors Metallic Logo Tribute Quarter-Zip Top,Most Popular in Men Hoodies & Sweatshirts
$118.99,Men's G-III Sports by Carl Banks Tan Golden State Warriors Build Up Heavy Duck Canvas Full-Zip Hoodie,
$83.99,Unisex The Wild Collective Black Golden State Warriors Flannel Full-Zip Shacket,
$179.99,Men's Pro Standard Cream Golden State Warriors Retro Classic Satin Full-Snap Jacket,Most Popular in Men Jackets
$164.49,Men's JH Design Royal Golden State Warriors 7-Time NBA Finals Champions Reversible Wool Full-Zip Jacket,
$139.99,Men's JH Design Royal Golden State Warriors Reversible Wool Full-Zip Jacket,Most Popular in Men Jackets
$154.99,Men's Nike Royal Golden State Warriors Authentic On-Court Showtime Performance Full-Zip Hoodie,
$62.99,Men's G-III Sports by Carl Banks Royal Golden State Warriors Contender Full-Zip Hoodie Jacket,
$60.19,Men's Antigua Heather Royal Golden State Warriors Bright Quarter-Zip Top,
$111.99,Men's Starter Royal/Gold Golden State Warriors Charger Half-Zip Pullover Jacket,
$192.49,Men's Mitchell & Ness Royal Golden State Warriors Hardwood Classics Varsity Full-Snap Jacket,
$59.49,Men's Antigua Charcoal Golden State Warriors Metallic Logo Victory Raglan Full-Zip Hoodie,
$97.99,Unisex The Wild Collective Blue Golden State Warriors Coaches Full-Zip Denim Jacket,
$82.59,Men's Columbia Black Golden State Warriors Oroville Creek Lined Full-Zip Jacket,
$129.99,Men's Jordan Brand Gray Golden State Warriors Courtside Statement Edition Jumpman Jam Full-Zip Jacket,
$104.99,Men's JH Design Royal Golden State Warriors Full-Zip Bomber Jacket,
$83.99,Unisex The Wild Collective Black Golden State Warriors Stitch Applique Full-Zip Bomber Jacket,
$65.79,Men's Antigua Black/Gray Golden State Warriors Content Quarter-Zip Top,
$83.99,Men's JH Design Royal/White Golden State Warriors Reversible Fleece & Faux Leather Full-Snap Jacket,Most Popular in Men Jackets
$74.99,Men's Nike Royal Golden State Warriors 2024/25 Courtside Performance Half-Zip Top,Most Popular in Men Jackets
$131.60,Men's Starter x Levi's Black Golden State Warriors Silver Label Trucker Satin Full-Snap Jacket,
$125.99,Men's G-III Sports by Carl Banks Black Golden State Warriors Clutch Hitter Full-Snap Varsity Jacket,
$62.99,Unisex Stadium Essentials Navy Golden State Warriors Compete Quarter-Zip Hoodie Jacket,
$73.49,Men's Columbia White Golden State Warriors Omni-Wick Shotgun Quarter-Zip Pullover,
$80.49,Men's Columbia Blue Golden State Warriors Oroville Creek Lined Full-Zip Jacket,
$139.99,Men's Mitchell & Ness Royal Golden State Warriors Hardwood Classics Retro Quilted Raglan Full-Zip Hoodie,
$119.99,Men's New Era Navy Golden State Warriors 2024/25 City Edition Full-Zip Windbreaker Jacket,
$83.99,Men's Mitchell & Ness Navy Golden State Warriors Hardwood Classics Throwback Wordmark Raglan Full-Snap Jacket,
$111.99,Men's Starter Royal Golden State Warriors Captain Oxford Full-Zip Jacket,
$115.49,Men's Nike Black Golden State Warriors 2023/24 City Edition Authentic Showtime Performance Raglan Full-Zip Jacket,
$83.99,Men's Mitchell & Ness White Golden State Warriors Hardwood Classics Throwback Wordmark Raglan Full-Snap Jacket,
$58.09,Men's Antigua Black Golden State Warriors Twist Quarter-Zip Pullover Top,
$74.99,Men's Nike Royal Golden State Warriors Authentic Performance Half-Zip Jacket,
$97.99,Men's Mitchell & Ness Royal Golden State Warriors Team OG 2.0 Vintage Logo Anorak Windbreaker Quarter-Zip Jacket,
$179.99,Men's Pro Standard Black Golden State Warriors Mash Up Satin Full-Snap Jacket,
$58.09,Men's Antigua Pewter Golden State Warriors Twist Quarter-Zip Pullover Top,
$126.00,Men's JH Design Royal Golden State Warriors Reversible Embroidered Wool Full-Snap Jacket,
$97.99,Unisex The Wild Collective Gray Golden State Warriors 2023/24 City Edition Camo Bomber Full-Zip Jacket,
$65.79,Men's Antigua Black/Gold Golden State Warriors Content Quarter-Zip Top,
$81.19,Men's Antigua Heather Black Golden State Warriors Cloud Pullover Hoodie,
$94.49,Men's Mitchell & Ness Royal Golden State Warriors Hardwood Classics Big Shot Premium Full-Zip Windbreaker Jacket,
$97.99,Men's Levelwear Black Golden State Warriors Harrington Full-Zip Jacket,
$594.99,Men's Jeff Hamilton Black Golden State Warriors Wool & Leather Full-Snap Varsity Jacket,
$94.49,Unisex Mitchell & Ness Royal Golden State Warriors Hardwood Classics Team OG 3.0 Anorak Half-Zip Windbreaker Jacket,
$108.49,Men's Levelwear Royal Golden State Warriors Gear Insignia Core Quarter-Zip Pullover Top,
$59.49,Men's Columbia Royal Golden State Warriors Fast Trek III Half-Zip Fleece Pullover,
$129.99,Men's Nike Royal Golden State Warriors Courtside Vintage Warmup Full-Zip Jacket,
$109.99,Men's Nike Black/Yellow Golden State Warriors 2022/23 City Edition Showtime Thermaflex Full-Zip Jacket,
$159.99,Men's Pro Standard Brown Golden State Warriors Paint The City Full-Zip Jacket,
$83.99,Men's Tommy Jeans Royal Golden State Warriors Jacob Chain Stitch Applique Full-Snap Varsity Jacket,
$104.99,Men's Starter Black Golden State Warriors Home Game Satin Full-Snap Varsity Jacket,
$104.99,Men's Mitchell & Ness White Golden State Warriors Hardwood Classics Nights Team Leader Satin Full-Zip Jacket,
$144.99,Men's Pro Standard Royal Golden State Warriors Retro Classic Pullover Hoodie,
$59.49,Men's Antigua Heather Gray Golden State Warriors Metallic Logo Victory Raglan Pullover Hoodie,
$74.99,Men's Nike Black Golden State Warriors Authentic Performance Half-Zip Jacket,
$56.69,Men's Antigua Royal/Gray Golden State Warriors Tending 2 Button-Down Long Sleeve Shirt,
$85.39,Men's Antigua Heather Gray Golden State Warriors Hold-Up Full-Zip Tri-Blend Jacket,
$85.39,Men's Antigua Heather Black Golden State Warriors Hold-Up Full-Zip Tri-Blend Jacket,
$52.49,Men's Fanatics Royal/Heather Gray Golden State Warriors Big & Tall Pieced Stripe Raglan Full-Zip Track Jacket,
$88.89,Men's Antigua Black Golden State Warriors Daily Fused Full-Zip Jacket,
$59.49,Men's Columbia Gray Golden State Warriors Fast Trek III Half-Zip Fleece Pullover,
$92.39,Men's Antigua Black Golden State Warriors Swelter Full-Zip Puffer Jacket,
$73.49,Men's Columbia Royal Golden State Warriors Lodge Quarter-Zip Hoodie,
$104.99,Men's Mitchell & Ness Gold Golden State Warriors Team OG 2.0 Vintage Logo Satin Full-Zip Jacket,
$82.59,Men's Columbia Gray Golden State Warriors Oroville Creek Lined Full-Zip Jacket,
$72.09,Men's Antigua Heather Gray Golden State Warriors Subtle Quarter-Zip Sweatshirt,
$72.09,Men's Antigua Heather Royal Golden State Warriors Subtle Quarter-Zip Sweatshirt,
$88.89,Men's Antigua Gray Golden State Warriors Daily Fused Full-Zip Jacket,
$75.59,Men's Antigua Heather Royal Golden State Warriors Effortless Full-Zip Hoodie Jacket,
$72.09,Men's Antigua Heather Black Golden State Warriors Cloud Pullover Hoodie,
$70.69,Men's Antigua Black Golden State Warriors Big & Tall Victory Full-Zip Hoodie Jacket,
$66.49,Men's Columbia Gray Golden State Warriors Park View Half-Zip Top,
$75.59,Men's Antigua Royal Golden State Warriors Perilous Quarter-Zip Sweatshirt,
$75.59,Men's Antigua Black Golden State Warriors Big & Tall Victory Raglan Pullover Hoodie,
$60.19,Men's Antigua Black Golden State Warriors Reprocess Quarter-Zip Top,
$58.09,Men's Antigua Royal Golden State Warriors Twist Quarter-Zip Pullover Top,
$104.99,Men's JH Design Black Golden State Warriors 2023/24 City Edition Full-Zip Bomber Jacket,
$72.09,Men's Antigua Black Golden State Warriors Regard Full-Zip Vest,
$63.69,Men's Antigua Khaki Golden State Warriors Victory Crewneck Pullover Sweatshirt,
$75.59,Men's Antigua Black Golden State Warriors Perilous Quarter-Zip Sweatshirt,
$72.09,Men's Antigua Royal Golden State Warriors Demand Full-Zip Vest,
$60.19,Men's Antigua White Golden State Warriors Reprocess Quarter-Zip Top,
$284.99,Men's Pro Standard Royal Golden State Warriors Retro Classic Full-Zip Varsity Jacket,
$72.09,Men's Antigua Black Golden State Warriors Brisk Quarter-Zip Windbreaker,
$73.49,Men's Antigua Gray Golden State Warriors Tonal Intrepid Pullover Hoodie,
$65.79,Men's Antigua White Golden State Warriors Intent Quarter-Zip Top,
$58.09,Men's Antigua White Golden State Warriors Twist Quarter-Zip Pullover Top,
$92.39,Men's Antigua Royal Golden State Warriors Swelter Full-Zip Puffer Jacket,
$63.69,Men's Antigua Black Golden State Warriors Brisk Full-Zip Vest,
$65.79,Men's Antigua Heather Gray Golden State Warriors Bright Quarter-Zip Top,
$85.39,Men's Antigua Black Golden State Warriors Objection Double-Peached Full-Zip Jacket,
$61.59,Men's Antigua Black Golden State Warriors Flight Woven Tri-Blend Long Sleeve Button-Down Shirt,
$58.79,Men's Antigua Heather Gray Golden State Warriors Brisk Full-Zip Vest,
$66.49,Men's Antigua White Golden State Warriors Victory Quarter-Zip Mock Sweatshirt,
$65.79,Men's Antigua Royal Golden State Warriors Intent Quarter-Zip Top,
$79.09,Men's Antigua Black Golden State Warriors Regard Full-Zip Jacket,
$80.49,Men's Antigua Heather Black Golden State Warriors Spikes Raglan Quarter-Zip Hoodie,
$149.99,Men's Pro Standard Royal Golden State Warriors Old English Fleece Pullover Hoodie,
$80.49,Men's Antigua Heather Gray Golden State Warriors Spikes Raglan Quarter-Zip Hoodie,
$69.29,Men's Antigua Gray Golden State Warriors Exposure Woven Long Sleeve Button-Up Shirt,
$60.89,Men's Antigua Heather Royal Golden State Warriors Tidy Quarter-Zip Hoodie,
$80.49,Men's Columbia Gray Golden State Warriors Omni-Wick In The Element Full-Zip Vest,
$75.59,Men's Antigua Heather Charcoal Golden State Warriors Fortune Full-Zip Vest,
$69.29,Men's Antigua Royal Golden State Warriors Exposure Woven Long Sleeve Button-Up Shirt,
$73.49,Men's Columbia Black Golden State Warriors Omni-Wick Shotgun Quarter-Zip Pullover,
$70.69,Men's Antigua Black Golden State Warriors Cause Quarter-Zip Top,
$174.99,Men's Pro Standard Royal Golden State Warriors Sublimated Satin Full-Snap Jacket,
$80.49,Men's Antigua Heather Gray Golden State Warriors Certain Quarter-Zip Tri-Blend Sweatshirt,
$72.09,Men's Antigua Heather Gray Golden State Warriors Cloud Pullover Hoodie,
$61.59,Men's Antigua Royal Golden State Warriors Flight Woven Tri-Blend Long Sleeve Button-Down Shirt,
$67.19,Men's Antigua Black Golden State Warriors Big & Tall Victory Raglan Pullover Hoodie,
$65.79,Men's Antigua Gray Golden State Warriors Intent Quarter-Zip Top,
$60.89,Men's Antigua Black Golden State Warriors Twine Quarter-Zip Top,
$60.89,Men's Antigua Royal Golden State Warriors Twine Quarter-Zip Top,
$72.79,Men's Antigua Royal Golden State Warriors Big & Tall Victory Crew Neck Pullover Sweatshirt,
$56.69,Men's Antigua Black/Gray Golden State Warriors Tending 2 Button-Down Long Sleeve Shirt,
$75.59,Men's Antigua Heather Gray Golden State Warriors Fortune Full-Zip Vest,
$104.99,Men's Mitchell & Ness Royal Golden State Warriors Big & Tall Hardwood Classics Team OG 2.0 Anorak Hoodie Quarter-Zip Windbreaker Jacket,
$179.99,Men's Pro Standard Royal Golden State Warriors Area Code Full-Zip Jacket,
$63.69,Men's Antigua Charcoal Golden State Warriors Victory Crewneck Pullover Sweatshirt,
$75.59,Men's Antigua Gray Golden State Warriors Pivot Full-Zip Jacket,
$80.49,Men's Columbia Royal Golden State Warriors Omni-Wick In The Element Full-Zip Vest,
$79.09,Men's Antigua Gray Golden State Warriors Regard Full-Zip Jacket,
$60.19,Men's Antigua Gray Golden State Warriors Reprocess Quarter-Zip Top,
$70.69,Men's Antigua White Golden State Warriors Big & Tall Victory Full-Zip Hoodie Jacket,
$72.79,Men's Antigua Heather Gray Golden State Warriors Big & Tall Victory Crew Neck Pullover Sweatshirt,
$72.79,Men's Antigua Black Golden State Warriors Big & Tall Victory Crew Neck Pullover Sweatshirt,
$154.99,Men's Pro Standard Royal Golden State Warriors Script Tail Satin Full-Snap Jacket,
$129.99,Men's Pro Standard Black Golden State Warriors Script Tail Full-Snap Satin Varsity Jacket,
$134.99,Men's Pro Standard Black Golden State Warriors Mash Up Fleece Pullover Sweatshirt,
$97.99,Men's Mitchell & Ness Royal Golden State Warriors Hardwood Classics Team OG 3.0 Lightweight Satin Full-Snap Jacket,
$70.69,Men's Antigua Heather Gray Golden State Warriors Big & Tall Victory Full-Zip Hoodie Jacket,
$73.49,Men's Columbia Royal Golden State Warriors Team Shotgun Quarter-Zip Pullover Jacket,
$67.19,Men's Antigua Heather Gray Golden State Warriors Big & Tall Victory Raglan Pullover Hoodie,
$67.89,Men's Antigua Heather Gray Golden State Warriors Brisk Quarter-Zip Windbreaker,
$80.49,Men's Antigua Gray Golden State Warriors Links 2 Full-Zip Golf Jacket,
$75.59,Men's Antigua Heather Black Golden State Warriors Fortune Full-Zip Vest,
$72.09,Men's Antigua Gray Golden State Warriors Regard Full-Zip Vest,
$79.79,Men's Antigua Black Golden State Warriors Big & Tall Victory Full-Zip Hoodie Jacket,
$63.69,Men's Antigua Black Golden State Warriors Big & Tall Victory Crew Neck Pullover Sweatshirt,
$83.99,Men's Mitchell & Ness Navy Golden State Warriors Big & Tall Hardwood Classics Raglan Satin Full-Snap Jacket,
$66.49,Men's Antigua Heather Gray Golden State Warriors Tidy Quarter-Zip Hoodie,
$55.99,Men's Antigua Black Golden State Warriors Tribute Quarter-Zip Pullover Top,
$69.99,Men's Starter Gold/Royal Golden State Warriors Rush Applique Full-Zip Track Jacket,
$69.29,Men's Antigua Black Golden State Warriors Exposure Woven Long Sleeve Button-Up Shirt,
$69.99,Men's Columbia Royal Golden State Warriors Camo Flash Forward Full-Zip Windbreaker Jacket,
$75.59,Men's Antigua Heather Charcoal Golden State Warriors Effortless Full-Zip Hoodie Jacket,
$79.09,Men's Antigua Black Golden State Warriors Insider Quarter-Zip Top,
$79.79,Men's Antigua Heather Gray Golden State Warriors Big & Tall Victory Full-Zip Hoodie Jacket,
$53.89,Women's Antigua Gray Golden State Warriors Tunnel Polo,
$73.49,Men's Columbia Heathered Gray/Royal Golden State Warriors Omni-Wick Shotgun 2.0 Quarter-Zip Pullover Top,
$80.49,Men's Antigua Black Golden State Warriors Links 2 Full-Zip Golf Jacket,
$66.49,Men's Antigua Royal Golden State Warriors Big & Tall Generation Quarter-Zip Pullover Jacket,
$55.99,Men's G-III Sports by Carl Banks Royal Golden State Warriors Game Ball Full-Zip Track Jacket,
$59.49,Men's Antigua Black Golden State Warriors Metallic Logo Victory Raglan Pullover Hoodie,
$51.79,Women's Antigua Royal Golden State Warriors Era Polo,
$61.59,Men's Antigua Gray Golden State Warriors Flight Woven Tri-Blend Long Sleeve Button-Down Shirt,
$85.39,Men's Antigua Royal Golden State Warriors Objection Double-Peached Full-Zip Jacket,
$72.09,Men's Antigua Heather Gray Golden State Warriors Brisk Quarter-Zip Windbreaker,
$65.79,Men's Antigua Heather Black Golden State Warriors Bright Quarter-Zip Top,
$75.59,Men's Antigua Oatmeal Golden State Warriors Fortune Full-Zip Vest,
$60.19,Men's Antigua Royal Golden State Warriors Reprocess Quarter-Zip Top,
$57.39,Women's Antigua White Golden State Warriors Rings Polo,
$72.79,Men's Antigua Charcoal Golden State Warriors Victory Crewneck Pullover Sweatshirt,
$80.49,Men's Antigua Royal Golden State Warriors Links 2 Full-Zip Golf Jacket,
$81.19,Men's Antigua Heather Gray Golden State Warriors Cloud Pullover Hoodie,
$79.09,Men's Antigua Gray Golden State Warriors Insider Quarter-Zip Top,
$66.49,Men's Antigua Royal Golden State Warriors Victory Quarter-Zip Mock Sweatshirt,
$66.49,Men's Antigua Gray Golden State Warriors Twine Quarter-Zip Top,
$51.79,Women's Antigua Black Golden State Warriors Era Polo,
$75.59,Men's Antigua Heather Royal Golden State Warriors Determined Quarter-Zip Top,
$53.89,Women's Antigua Royal Golden State Warriors Tunnel Polo,
$51.79,Women's Antigua Heather Gray Golden State Warriors Matter Polo,
$51.79,Women's Antigua Heather Royal Golden State Warriors Matter Polo,
$51.79,Women's Antigua Heather Black Golden State Warriors Layout V-Neck Polo,
$60.19,Men's Antigua Olive Golden State Warriors Reprocess Quarter-Zip Top,
$132.99,Men's JH Design Royal Golden State Warriors Poly-Twill Full-Zip Jacket,
$75.59,Men's Antigua Heather Gray Golden State Warriors Big & Tall Victory Raglan Pullover Hoodie,
$53.89,Women's Antigua White Golden State Warriors Tunnel Polo,
$53.89,Women's Antigua Pewter Golden State Warriors Tunnel Polo,
$53.89,Women's Antigua Black Golden State Warriors Tunnel Polo,
$51.79,Women's Antigua White Golden State Warriors Era Polo,
$51.79,Women's Antigua Gray Golden State Warriors Era Polo,
$76.99,Men's Antigua Black Golden State Warriors Pure Honeycomb Pullover Hoodie,
$63.69,Men's Antigua Heather Gray Golden State Warriors Big & Tall Victory Crew Neck Pullover Sweatshirt,
$63.69,Men's Antigua Royal Golden State Warriors Big & Tall Victory Crew Neck Pullover Sweatshirt,
$111.99,Men's Levelwear Black Golden State Warriors Durham Insignia Core Full-Zip Hoodie,
$85.39,Men's Antigua Gray Golden State Warriors Objection Double-Peached Full-Zip Jacket,
$79.79,Men's Antigua White Golden State Warriors Big & Tall Victory Full-Zip Hoodie Jacket,
$83.99,Men's JH Design Gray/Royal Golden State Warriors Embroidered Logo Reversible Fleece Full-Snap Jacket,
$92.39,Men's Antigua Gray Golden State Warriors Swelter Full-Zip Puffer Jacket,
$72.79,Men's Antigua Khaki Golden State Warriors Victory Crewneck Pullover Sweatshirt,
$55.99,Men's Antigua Royal Golden State Warriors Tribute Quarter-Zip Pullover Top,
$80.49,Men's Antigua Natural Golden State Warriors Fortune Quarter-Zip Pullover Jacket,
$90.99,Men's Starter Gray Golden State Warriors Printed Team Name Satin Varsity Full-Snap Jacket,
$124.99,Men's Pro Standard Royal Golden State Warriors Classic Warm-Up Full-Snap Jacket,
$72.09,Men's Antigua Heather Royal Golden State Warriors Cloud Pullover Hoodie,
$51.79,Women's Antigua Heather Black Golden State Warriors Matter Polo,
$51.79,Women's Antigua Heather Gray Golden State Warriors Layout V-Neck Polo,
$104.99,Men's Mitchell & Ness Royal Golden State Warriors Hardwood Classics Vintage Logo Full-Zip Bomber Jacket,
$55.99,Men's G-III Sports by Carl Banks Royal Golden State Warriors Contender Wordmark Full-Zip Track Jacket,
$79.09,Men's Antigua Royal Golden State Warriors Insider Quarter-Zip Top,
$149.99,Men's Pro Standard Cream Golden State Warriors Retro Classic Fleece Pullover Hoodie,
$65.79,Men's Antigua Black Golden State Warriors Intent Quarter-Zip Top,
$55.99,Men's Columbia Blue Golden State Warriors Terminal Tackle Long Sleeve Hoodie T-Shirt,
$66.49,Men's Antigua Royal Golden State Warriors Generation Quarter-Zip Pullover Jacket,
$90.99,Men's Columbia Gray Golden State Warriors In The Element Full-Zip Jacket,
$76.99,Men's Mitchell & Ness Royal Golden State Warriors Throw It Back Full-Zip Windbreaker Jacket,
$80.49,Men's Antigua Heather Royal Golden State Warriors Spikes Raglan Quarter-Zip Hoodie,
$94.49,Men's Mitchell & Ness White Golden State Warriors Hardwood Classics Arched Retro Lined Full-Zip Windbreaker Jacket,
$139.99,Men's JH Design Gold/Royal Golden State Warriors Split All Over Full-Zip Jacket,
$72.09,Men's Antigua Olive Golden State Warriors Subtle Quarter-Zip Sweatshirt,
$104.99,Men's JH Design Black Golden State Warriors 2022/23 City Edition Full-Zip Nylon Bomber Jacket,
$73.49,Men's Antigua Black Golden State Warriors Links Full-Zip Golf Jacket,
$80.49,Men's Antigua Heather Black Golden State Warriors Certain Quarter-Zip Tri-Blend Sweatshirt,
$59.49,Men's Nike Black Golden State Warriors 2023/24 City Edition Authentic Coaches Half-Zip Top,
$55.99,Men's Antigua Charcoal Golden State Warriors Metallic Logo Tribute Quarter-Zip Top,
$90.99,Men's Starter Gold Golden State Warriors Slider Satin Full-Snap Varsity Jacket,
$75.59,Men's Antigua Olive Golden State Warriors Effortless Full-Zip Hoodie Jacket,
$279.99,Men's Jeff Hamilton Black Golden State Warriors Vegan Leather Full-Snap Jacket,
$75.59,Men's Antigua Black Golden State Warriors Pivot Full-Zip Jacket,
$66.49,Men's Antigua Black Golden State Warriors Metallic Logo Generation Quarter-Zip Top,
$83.99,Men's Mitchell & Ness Navy Golden State Warriors Hardwood Classics Satin Full-Snap Raglan Jacket,
$55.99,Men's Antigua Royal Golden State Warriors Metallic Logo Tribute Quarter-Zip Top,
$73.49,Men's Antigua Royal Golden State Warriors Links Full-Zip Golf Jacket,
$68.59,Men's Levelwear Royal Golden State Warriors Spector Insignia Core Quarter-Zip Pullover Top,
$104.99,Men's Starter Royal Golden State Warriors Home Game Satin Full-Snap Varsity Jacket,
$59.49,Men's Antigua Royal Golden State Warriors Metallic Logo Victory Raglan Full-Zip Hoodie,
$67.19,Men's Antigua Charcoal Golden State Warriors Big & Tall Victory Raglan Pullover Hoodie,
$48.99,Men's Fanatics Royal Golden State Warriors Big & Tall Anorak Half-Zip Hoodie,
$80.49,Men's Antigua Black Golden State Warriors Altitude Full-Zip Jacket,
$83.99,Men's Starter Black Golden State Warriors In-Field Play Fashion Satin Full-Zip Varsity Jacket,
$75.59,Men's Antigua Charcoal Golden State Warriors Big & Tall Victory Raglan Pullover Hoodie,
$75.59,Men's Antigua Heather Gray Golden State Warriors Effortless Full-Zip Hoodie Jacket,
$48.99,Men's Tommy Jeans Royal Golden State Warriors Bernard Half-Zip Hoodie,
$59.49,Men's Antigua Charcoal Golden State Warriors Metallic Logo Victory Raglan Pullover Hoodie,
$94.49,Men's Mitchell & Ness Royal Golden State Warriors Undeniable Full-Zip Windbreaker Jacket,
$97.99,Golden State Warriors JH Design Reversible Poly-Twill Hooded Jacket with Fleece Sleeves - Royal/Gray,
$50.39,Women's Antigua Heather Gray Golden State Warriors Recap Sleeveless Polo,
$80.49,Men's Mitchell & Ness Royal Golden State Warriors Team Origins Anorak Quarter-Zip Pullover Hoodie,
$66.49,Men's Antigua Heather Gray Golden State Warriors Victory Full-Zip Jacket,
$67.89,Men's Antigua Black Golden State Warriors Brisk Quarter-Zip Windbreaker,
$50.39,Women's Antigua Heather Royal Golden State Warriors Recap Sleeveless Polo,
$50.39,Women's Antigua Heather Black Golden State Warriors Recap Sleeveless Polo,
$59.49,Men's Antigua White Golden State Warriors Metallic Logo Victory Raglan Pullover Hoodie,
$44.99,Men's Columbia Royal Golden State Warriors Steens Full-Zip Jacket,
$174.99,Men's Golden State Warriors Royal Mitchell & Ness Hardwood Classics 75th Anniversary Authentic Warmup Full-Snap Jacket,
$87.49,Men's Levelwear Black Golden State Warriors Beam Insignia Core Quarter-Zip Pullover Top,
$66.49,Men's Antigua Black Golden State Warriors Generation Quarter-Zip Pullover Jacket,
$94.49,Men's Mitchell & Ness Royal Golden State Warriors Hardwood Classics Team OG 2.0 Anorak Hoodie Half-Zip Windbreaker Jacket,
$47.59,Women's Antigua Heather Royal Golden State Warriors Layout Sleeveless V-Neck Polo,
$75.59,Men's Antigua Gray Golden State Warriors Cause Quarter-Zip Top,
$55.99,Men's Antigua White Golden State Warriors Metallic Logo Tribute Quarter-Zip Top,
$54.59,Men's Antigua Heather Gray Golden State Warriors Action Full-Zip Jacket,
$72.09,Men's Levelwear White Golden State Warriors Dimension Insignia Pullover Hoodie,
$75.59,Men's Antigua Gray Golden State Warriors Perilous Quarter-Zip Sweatshirt,
$68.59,Men's Antigua Black Golden State Warriors Streamer Button-Up Shacket,
$65.09,Men's Antigua Heather Gray Golden State Warriors Hunk Quarter-Zip Top,
$82.59,Men's Levelwear Gray Golden State Warriors Finley Insignia Core Quarter-Zip Pullover Top,
$97.99,Men's Pro Standard Black Golden State Warriors Classic Pullover Sweater,
$179.99,Men's Pro Standard Royal Golden State Warriors Retro Classic Satin Full-Snap Jacket,
$65.79,Men's Antigua Gold Golden State Warriors Intent Quarter-Zip Top,
$104.99,Men's JH Design Royal Golden State Warriors Classic Reversible Full-Zip Jacket,
$59.49,Men's Antigua Heather Gray Golden State Warriors Metallic Logo Victory Raglan Full-Zip Hoodie,
$97.99,Men's Starter White/Royal Golden State Warriors Renegade Satin Full-Snap Varsity Jacket,
$72.09,Men's Antigua Gray Golden State Warriors Demand Full-Zip Vest,
$60.19,Men's Antigua Royal Golden State Warriors Flier Bunker Pullover Sweatshirt,
$75.59,Men's Levelwear Royal Golden State Warriors Theory Insignia Core Quarter-Zip Pullover Top,
$80.49,Men's Antigua Heather Gray Golden State Warriors Metallic Logo Fortune Quarter-Zip Jacket,
$65.09,Men's Antigua Royal Golden State Warriors Big & Tall Metallic Logo Generation Quarter-Zip Top,
$48.29,Women's Antigua Gray Golden State Warriors Reprocess Polo,
$72.09,Men's Antigua Heather Black Golden State Warriors Subtle Quarter-Zip Sweatshirt,
$59.49,Men's Antigua White Golden State Warriors Metallic Logo Victory Raglan Full-Zip Hoodie,
$144.99,Men's Pro Standard Black Golden State Warriors Mash Up Fleece Pullover Hoodie,
$47.59,Women's Antigua Heather Black Golden State Warriors Layout Sleeveless V-Neck Polo,
$89.59,Men's Levelwear Royal Golden State Warriors Form Insignia Core Full-Zip Jacket,
$73.49,Men's Antigua Charcoal Golden State Warriors Links Full-Zip Golf Jacket,
$80.49,Men's Antigua Heather Gray Golden State Warriors Metallic Logo Fortune Quarter-Zip Jacket,
$83.99,Men's JH Design Royal Golden State Warriors Lightweight Nylon Full-Zip Bomber Jacket,
$66.49,Men's Antigua Heather Gray Golden State Warriors Hunk Quarter-Zip Pullover Top,
$66.49,Men's Antigua Royal Golden State Warriors Metallic Logo Generation Quarter-Zip Top,
$66.49,Men's Antigua Heather Royal Golden State Warriors Hunk Quarter-Zip Pullover Top,
$59.49,Men's Antigua Gray/Gray Golden State Warriors Pace Quarter-Zip Pullover Jacket,
$55.99,Men's Antigua Charcoal Golden State Warriors Shamrock Tribute Quarter-Zip Pullover Top,
$97.99,Men's Starter Royal/Gold Golden State Warriors Renegade Satin Full-Snap Varsity Jacket,
$68.59,Men's Levelwear Royal Golden State Warriors Charter Insignia Core Quarter-Zip Pullover Top,
$104.99,Unisex Bleacher Report x Mitchell & Ness Black Golden State Warriors Backstage Crew Hoodie Full-Zip Jacket,
$73.49,Men's Levelwear Royal Golden State Warriors Truth Insignia Core Quarter-Zip Pullover Top,
$139.99,Men's Starter x Ty Mopkins Black Golden State Warriors Black History Month Satin Full-Zip Jacket,
$66.49,Men's Levelwear Royal/Charcoal Golden State Warriors Commuter Insignia Core Quarter-Zip Pullover Top,
$83.99,Men's Antigua Tan Golden State Warriors NBA 75th Anniversary Fortune Quarter-Zip Pullover Jacket,
$67.89,Men's Antigua Black Golden State Warriors Steamer Button-Up Shacket,
$55.99,Men's Antigua Gold Golden State Warriors NBA 75th Anniversary Glacier Quarter-Zip Pullover Jacket,
$65.09,Men's Antigua Charcoal Golden State Warriors Big & Tall Generation Quarter-Zip Pullover Jacket,
$65.09,Men's Antigua Heather Black Golden State Warriors Hunk Quarter-Zip Top,
$48.29,Women's Antigua Black Golden State Warriors Reprocess Polo,
$48.29,Women's Antigua Royal Golden State Warriors Reprocess Polo,
$48.29,Women's Antigua Olive Golden State Warriors Reprocess Polo,
$48.29,Women's Antigua White Golden State Warriors Reprocess Polo,
$62.99,Men's Antigua Gray/Gray Golden State Warriors Big & Tall Pace Quarter-Zip Pullover Jacket,
$66.49,Men's Antigua Heather Black Golden State Warriors Hunk Quarter-Zip Pullover Top,
$66.49,Men's Antigua Heather Black Golden State Warriors Saga Long Sleeve Hoodie T-Shirt,
$60.19,Men's Antigua Gray Golden State Warriors Flier Bunker Pullover Sweatshirt,
$79.09,Men's Antigua Heather Gray Golden State Warriors Metallic Logo Big & Tall Fortune Quarter-Zip Jacket,
$66.49,Men's Antigua White Golden State Warriors Generation Quarter-Zip Pullover Jacket,
$59.49,Men's JH Design Gray Golden State Warriors Reversible Full-Zip Track Jacket,
$111.99,Unisex The Wild Collective Royal Golden State Warriors Metallic Full-Snap Bomber Jacket,
$139.99,Men's Mitchell & Ness Black/White Golden State Warriors Team Origins Satin Full-Snap Varsity Jacket,
$66.49,Men's Antigua Black Golden State Warriors Victory Full-Zip Jacket,
$60.19,Men's Antigua Black Golden State Warriors Flier Bunker Pullover Sweatshirt,
$65.09,Men's Antigua Black Golden State Warriors Flier Bunker Pullover Sweatshirt,
$66.49,Men's Antigua Steel Golden State Warriors Metallic Logo Links Full-Zip Golf Vest,
$62.99,Men's Antigua White/Gray Golden State Warriors Bender Quarter-Zip Pullover Top,
$59.49,Men's Antigua Heather Gray/Black Golden State Warriors Victory Colorblock Quarter-Zip Pullover Top,
$59.49,Men's Antigua Heather Gray/Royal Golden State Warriors Bullseye Quarter-Zip Pullover Top,
$59.49,Men's Antigua Heather Gray/Black Golden State Warriors Bullseye Quarter-Zip Pullover Top,
$68.59,Men's Antigua Gray Golden State Warriors Steamer Quarter-Snap Pullover Top,
$73.49,Men's Levelwear Charcoal Golden State Warriors Highlite Insignia Core Pullover Hoodie,
$73.49,Men's Columbia Heather Gray Golden State Warriors Omni-Wick Rockin' It Quarter-Zip Pullover Top,
$66.49,Men's Antigua Gray Golden State Warriors Steamer Quarter-Snap Pullover Top,
$87.49,Men's Levelwear Royal Golden State Warriors Galaxy Insignia Core Quarter-Zip Pullover Top,
$76.99,Men's Levelwear Royal Golden State Warriors Asher Insignia Core Quarter-Zip Pullover Top,
$65.09,Men's Antigua Royal Golden State Warriors Flier Bunker Pullover Sweatshirt,
$1,224.99,Men's Jeff Hamilton Black Golden State Warriors Leather Full-Snap Jacket,
$62.99,Men's Antigua Heather Black Golden State Warriors Tidy Quarter-Zip Lightweight Pullover Top,
$62.99,Men's Antigua White/Black Golden State Warriors Bender Quarter-Zip Pullover Top,
$62.99,Men's Antigua White/Royal Golden State Warriors Bender Quarter-Zip Pullover Top,
$68.59,Men's Antigua Black Golden State Warriors Steamer Quarter-Snap Pullover Top,
$66.49,Men's Antigua Pewter Golden State Warriors Metallic Logo Generation Quarter-Zip Top,
$66.49,Men's Antigua Black Golden State Warriors Steamer Quarter-Snap Pullover Top,
$129.99,Men's Nike Royal Golden State Warriors Courtside Versus Capsule Full-Zip Jacket,
$66.49,Men's Antigua White Golden State Warriors Metallic Logo Generation Quarter-Zip Top,
$68.59,Men's Levelwear Royal Golden State Warriors Dimension Insignia Core Pullover Hoodie,
$66.49,Men's Antigua Gray Golden State Warriors St. Patrick's Day Intent Quarter-Zip Jacket,
$66.49,Men's Antigua Kelly Green Golden State Warriors St. Patrick's Day Intent Quarter-Zip Jacket,
$79.09,Men's Antigua Heather Black Golden State Warriors Metallic Logo Big & Tall Fortune Quarter-Zip Jacket,
$66.49,Men's Antigua Black Golden State Warriors Metallic Logo Generation Quarter-Zip Top,
$66.49,Men's Antigua Black Golden State Warriors St. Patrick's Day Intent Quarter-Zip Jacket,
$55.99,Men's Antigua White Golden State Warriors Shamrock Tribute Quarter-Zip Pullover Top,
$80.49,Men's Antigua Heather Black Golden State Warriors Metallic Logo Fortune Quarter-Zip Jacket,
$66.49,Men's Antigua Charcoal Golden State Warriors Generation Quarter-Zip Pullover Jacket,
$59.49,Men's Antigua Royal Golden State Warriors Metallic Logo Victory Raglan Pullover Hoodie,
$81.19,Men's Antigua Heather Royal Golden State Warriors Cloud Pullover Hoodie,
$59.99,Men's NBA x Staple Black All Teams Fusion Full-Snap Jacket,Most Popular in Men Jackets
$59.99,Men's NBA x Staple Black All Teams Fusion Full-Snap Jacket,Most Popular in Men Jackets
$143.99,Men's NBA x Staple Black All Teams Pennant Woven Full-Snap Jacket,
$174.99,Unisex Black AUTHMADE Asian-American Pacific Islander Heritage Collection Heirloom Track Jacket,Most Popular in Jackets
